EXTERIOR,,INTERIOR,YEAR,VIN,,,Package Codes,PACKAGES,MSRP,PROD.,,,DEALER NAME,Port,Carrier,VPC,Details,V-Spec,Sticker,Invoice
W73 - Polar Silver Metallic w. Red Accents A75,,Z1XX.CRT - IND. INTERIOR,2012,WBSPK91050E810800,,,2MK,,,,,#00-LHD,"30749 Niederlassung München Karosserie- und Lackzentrum BMW AG, Garching",,,,,,,
W73 - Polar Silver Metallic w. Red Accents A75,,Z1XX.CRT - IND. INTERIOR,2012,WBSPK91070E810801,,,2MK,,,,,#01-LHD,"33696 Autohaus J. B. Lell GmbH & Co. KG , Weiden",,,,,,,
W73 - Polar Silver Metallic w. Red Accents A75,,Z1XX.CRT - IND. INTERIOR,2012,WBSPK91090E810802,,,2MK,,,,,#02-LHD,N/A,,,,,,,
W73 - Polar Silver Metallic w. Red Accents A75,,Z1XX.CRT - IND. INTERIOR,2012,WBSPK91000E810803,,,2MK,,,,,#03-LHD,"33291 Autohaus Moderegger GmbH , Bischofswiesen",,,,,,,
W73 - Polar Silver Metallic w. Red Accents A75,,Z1XX.CRT - IND. INTERIOR,2012,WBSPK91020E810804,,,2MK,,,,,#04-LHD,"30915 Adolf Cuntz KG Autohaus, Neustadt a.d. Weinstraße",,,,,,,
W73 - Polar Silver Metallic w. Red Accents A75,,Z1XX.CRT - IND. INTERIOR,2012,WBSPK91040E810805,,,2MK,,,,,#05-LHD,"01806 Autohaus Graser GmbH, Pressath",,,,,,,
W73 - Polar Silver Metallic w. Red Accents A75,,Z1XX.CRT - IND. INTERIOR,2012,WBSPK91060E810806,,,2MK,,,,,#06-LHD,"04818 Autohaus Müller GmbH&Co. KG , Gerlingen",,,,,,,
W73 - Polar Silver Metallic w. Red Accents A75,,Z1XX.CRT - IND. INTERIOR,2012,WBSPK91080E810807,,,2MK,,,,,#07-LHD,"27966 Monserez Aalbeke, Kortrijk-Aalbeke",,,,,,,
W73 - Polar Silver Metallic w. Red Accents A75,,Z1XX.CRT - IND. INTERIOR,2012,WBSPK910X0E810808,,,2MK,,,,,#09-LHD,"30749 Niederlassung München Karosserie- und Lackzentrum BMW AG, Garching",,,,,,,
W73 - Polar Silver Metallic w. Red Accents A75,,Z1XX.CRT - IND. INTERIOR,2012,WBSPK91010E810809,,,2MK,,,,,#10-LHD,"30749 Niederlassung München Karosserie- und Lackzentrum BMW AG, Garching",,,,,,,
W73 - Polar Silver Metallic w. Red Accents A75,,Z1XX.CRT - IND. INTERIOR,2012,WBSPK91080E810810,,,2MK,,,,,#11-LHD,"34007 Automag GmbH , München",,,,,,,
W73 - Polar Silver Metallic w. Red Accents A75,,Z1XX.CRT - IND. INTERIOR,2012,WBSPK910X0E810811,,,2MK,,,,,#12-LHD,"00051 Service Zentrum BMW AG, Dingolfing",,,,,,,
W73 - Polar Silver Metallic w. Red Accents A75,,Z1XX.CRT - IND. INTERIOR,2012,WBSPK91010E810812,,,2MK,,,,,#13-LHD,"20117 Renocar a.s., Brno , Brno-Slatina",,,,,,,
W73 - Polar Silver Metallic w. Red Accents A75,,Z1XX.CRT - IND. INTERIOR,2012,WBSPK91030E810813,,,2MK,,,,,#14-LHD,"03579 Bergwerff Automotive B.V. , Gorinchem",,,,,,,
W73 - Polar Silver Metallic w. Red Accents A75,,Z1XX.CRT - IND. INTERIOR,2012,WBSPK91050E810814,,,2MK,,,,,#15-LHD,"22481 B&K Deutschland GmbH , Osnabrück",,,,,,,
W73 - Polar Silver Metallic w. Red Accents A75,,Z1XX.CRT - IND. INTERIOR,2012,WBSPK91070E810815,,,2MK,,,,,#16-LHD,"36881 Faba Autowelt GmbH , Mönchengladbach",,,,,,,
W73 - Polar Silver Metallic w. Red Accents A75,,Z1XX.CRT - IND. INTERIOR,2012,WBSPK91090E810816,,,2MK,,,,,#17-LHD,N/A,,,,,,,
W73 - Polar Silver Metallic w. Red Accents A75,,Z1XX.CRT - IND. INTERIOR,2012,WBSPK91000E810817,,,2MK,,,,,#18-LHD,"00866 Autohaus Widmann + Winterholler GmbH , Dachau",,,,,,,
W73 - Polar Silver Metallic w. Red Accents A75,,Z1XX.CRT - IND. INTERIOR,2012,WBSPK91020E810818,,,2MK,,,,,#19-LHD,"28278 BMW Park Lane (Battersea), Battersea",,,,,,,
W73 - Polar Silver Metallic w. Red Accents A75,,Z1XX.CRT - IND. INTERIOR,2012,WBSPK91040E810819,,,2MK,,,,,#20-LHD,"35955 AMPLITUDE AUTOMOBILES BLOIS BLOIS , BLOIS CEDEX",,,,,,,
W73 - Polar Silver Metallic w. Red Accents A75,,Z1XX.CRT - IND. INTERIOR,2012,WBSPK91000E810820,,,2MK,,,,,#21-LHD,"04508 Autohaus Revo GmbH , Albstadt",,,,,,,
W73 - Polar Silver Metallic w. Red Accents A75,,Z1XX.CRT - IND. INTERIOR,2012,WBSPK91020E810821,,,2MK,,,,,#22-LHD,"02732 Autohaus Kainz GmbH&Co. KG Mayen , Kottenheim b. Mayen",,,,,,,
W73 - Polar Silver Metallic w. Red Accents A75,,Z1XX.CRT - IND. INTERIOR,2012,WBSPK91040E810822,,,2MK,,,,,#23-LHD,"04746 Kohl automobile GmbH , Aachen",,,,,,,
W73 - Polar Silver Metallic w. Red Accents A75,,Z1XX.CRT - IND. INTERIOR,2012,WBSPK91060E810823 ,,,2MK,,,,,"#24-LHD, U.S IMPORTED","46778 Tom Bush BMWJacksonville , Jacksonville",,,,,,,
W73 - Polar Silver Metallic w. Red Accents A75,,Z1XX.CRT - IND. INTERIOR,2012,WBSPK91080E810824,,,2MK,,,,,#25-LHD,"05600 Monserez Kortrijk , Kortrijk",,,,,,,
W73 - Polar Silver Metallic w. Red Accents A75,,Z1XX.CRT - IND. INTERIOR,2012,WBSPK910X0E810825,,,2MK,,,,,#26-LHD,"27966 Monserez Aalbeke , Kortrijk-Aalbeke",,,,,,,
W73 - Polar Silver Metallic w. Red Accents A75,,Z1XX.CRT - IND. INTERIOR,2012,WBSPK91010E810826,,,2MK,,,,,#27-LHD,"03578 Ekris Heerenveen, Heerenveen",,,,,,,
W73 - Polar Silver Metallic w. Red Accents A102,,Z1XX.CRT - IND. INTERIOR,2012,WBSPK91030E810827,,,2MK,,,,,#29-LHD,"03892 Procar Automobile GmbH , Velbert",,,,,,,
W73 - Polar Silver Metallic w. Red Accents A75,,Z1XX.CRT - IND. INTERIOR,2012,WBSPK91050E810828,,,2MK,,,,,#31-LHD,"05735 Bilia Verstraeten , Lochristi",,,,,,,
W73 - Polar Silver Metallic w. Red Accents A75,,Z1XX.CRT - IND. INTERIOR,2012,WBSPK91070E810829,,,2MK,,,,,#32-LHD,N/A,,,,,,,
W73 - Polar Silver Metallic w. Red Accents A75,,Z1XX.CRT - IND. INTERIOR,2012,WBSPK91030E810830,,,2MK,,,,,#33-LHD,N/A,,,,,,,
W73 - Polar Silver Metallic w. Red Accents A75,,Z1XX.CRT - IND. INTERIOR,2012,WBSPK91050E810831,,,2MK,,,,,#34-LHD,"05605 Meerschman Aalst, Aalst",,,,,,,
W73 - Polar Silver Metallic w. Red Accents A75,,Z1XX.CRT - IND. INTERIOR,2012,WBSPK91070E810832,,,2MK,,,,,#35-LHD,"04107 Niederlassung München , München",,,,,,,
W73 - Polar Silver Metallic w. Red Accents A75,,Z1XX.CRT - IND. INTERIOR,2012,WBSPK91090E810833,,,2MK,,,,,#36-LHD,"28965 Inchcape Motor Polska Sp.zo.o. , Warszawa",,,,,,,
W73 - Polar Silver Metallic w. Red Accents A75,,Z1XX.CRT - IND. INTERIOR,2012,WBSPK91000E810834,,,2MK,,,,,#37-LHD,"07983 Autoleth A/S, Haderslev",,,,,,,
W73 - Polar Silver Metallic w. Red Accents A75,,Z1XX.CRT - IND. INTERIOR,2012,WBSPK91020E810835,,,2MK,,,,,#38-LHD,N/A,,,,,,,
W73 - Polar Silver Metallic w. Red Accents A75,,Z1XX.CRT - IND. INTERIOR,2012,WBSPK91040E810836,,,2MK,,,,,#39-LHD,"OSS-40000564 Kevin Bird Garages Ltd, Iver",,,,,,,
W73 - Polar Silver Metallic w. Red Accents A75,,Z1XX.CRT - IND. INTERIOR,2012,WBSPK91060E810837,,,2MK,,,,,#40-LHD,"31564 Renocar a.s., Praha , Podoli",,,,,,,
W73 - Polar Silver Metallic w. Red Accents A75,,Z1XX.CRT - IND. INTERIOR,2012,WBSPK91080E810838,,,2MK,,,,,#41-LHD,N/A,,,,,,,
W73 - Polar Silver Metallic w. Red Accents A75,,Z1XX.CRT - IND. INTERIOR,2012,WBSPK910X0E810839,,,2MK,,,,,#42-LHD,"05711 Dejonckheere nv Dejonckheere, Roeselare",,,,,,,
W73 - Polar Silver Metallic w. Red Accents A75,,Z1XX.CRT - IND. INTERIOR,2012,WBSPK91060E810840,,,2MK,,,,,#43-LHD,"21242 zbinden ag hägendorf , Hägendorf",,,,,,,
W73 - Polar Silver Metallic w. Red Accents A75,,Z1XX.CRT - IND. INTERIOR,2012,WBSPK91080E810841,,,2MK,,,,,#44-LHD,"36881 Faba Autowelt GmbH , Mönchengladbach",,,,,,,
W73 - Polar Silver Metallic w. Red Accents A75,,Z1XX.CRT - IND. INTERIOR,2012,WBSPK910X0E810842,,,2MK,,,,,#45-LHD,"05605 Meerschman Aalst , Aalst",,,,,,,
W73 - Polar Silver Metallic w. Red Accents A75,,Z1XX.CRT - IND. INTERIOR,2012,WBSPK91010E810843,,,2MK,,,,,#46-LHD,"29307 Spaett GmbH & Co. KG , Ismaning",,,,,,,
W73 - Polar Silver Metallic w. Red Accents A75,,Z1XX.CRT - IND. INTERIOR,2012,WBSPK91030E810844,,,2MK,,,,,#47-LHD,"44131 Bilia Group Göteborg AB , Strömstad",,,,,,,
W73 - Polar Silver Metallic w. Red Accents A75,,Z1XX.CRT - IND. INTERIOR,2012,WBSPK91050E810845,,,2MK,,,,,#48-LHD,"31366 Sepp Fässler (Wil) AG , Wil",,,,,,,
W73 - Polar Silver Metallic w. Red Accents A75,,Z1XX.CRT - IND. INTERIOR,2012,WBSPK91070E810846,,,2MK,,,,,#49-LHD,N/A,,,,,,,
W73 - Polar Silver Metallic w. Red Accents A75,,Z1XX.CRT - IND. INTERIOR,2012,WBSPK91090E810847,,,2MK,,,,,#50-LHD,"07029 Sepp Fässler AG , Appenzell",,,,,,,
W73 - Polar Silver Metallic w. Red Accents A75,,Z1XX.CRT - IND. INTERIOR,2012,WBSPK91000E810848,,,2MK,,,,,#51-LHD,"40419 STORE MONACO MONACO (SERVICE) , MONACO",,,,,,,
W73 - Polar Silver Metallic w. Red Accents A75,,Z1XX.CRT - IND. INTERIOR,2012,WBSPK91020E810849,,,2MK,,,,,#52-LHD,"31366 Sepp Fässler (Wil) AG , Wil",,,,,,,
W73 - Polar Silver Metallic w. Red Accents A75,,Z1XX.CRT - IND. INTERIOR,2012,WBSPK9105BE810850,,,2MK,,,,,#53-LHD,"20278 Alfardan Automobiles Co. (Al Sadd) Al Sadd Showroom , Doha",,,,,,,
W73 - Polar Silver Metallic w. Red Accents A75,,Z1XX.CRT - IND. INTERIOR,2012,WBSPK91000E810851,,,2MK,,,,,#54-LHD,"30631 Bickel Auto AG , Frauenfeld",,,,,,,
W73 - Polar Silver Metallic w. Red Accents A75,,Z1XX.CRT - IND. INTERIOR,2012,WBSPK9109BE810852,,,2MK,,,,,#55-LHD,"26282 Abu Dhabi Motors LLC Sanaiya Showroom&Service , Al Ain",,,,,,,
W73 - Polar Silver Metallic w. Red Accents A75,,Z1XX.CRT - IND. INTERIOR,2012,WBSPK91040E810853,,,2MK,,,,,#56-LHD,"07029 Sepp Fässler AG , Appenzell",,,,,,,
W73 - Polar Silver Metallic w. Red Accents A75,,Z1XX.CRT - IND. INTERIOR,2012,WBSPK9100CE810854,,,2MK,,,,,#57-LHD,"10307 Williamson Balfour Motors SpA La Dehesa , Santiago de Chile",,,,,,,
W73 - Polar Silver Metallic w. Red Accents A75,,Z1XX.CRT - IND. INTERIOR,2012,WBSPK9102CE810855,,,2MK,,,,,"#59-LHD, U.S IMPORTED","26747 Momentum BMW/Momentum MINI , Houston",,,,,,,
W73 - Polar Silver Metallic w. Red Accents A75,,Z1XX.CRT - IND. INTERIOR,2012,WBSPK910X0E810856,,,2MK,,,,,#60-LHD,"04107 Niederlassung München , München",,,,,,,
W73 - Polar Silver Metallic w. Red Accents A75,,Z1XX.CRT - IND. INTERIOR,2012,WBSPK9108BE810857,,,2MK,,,,,"#61-LHD, U.S IMPORTED","36721 Crevier BMW , Santa Ana",,,,,,,
W73 - Polar Silver Metallic w. Red Accents A75,,Z1XX.CRT - IND. INTERIOR,2012,WBSPK91030E810858,,,2MK,,,,,#62-LHD,N/A,,,,,,,
W73 - Polar Silver Metallic w. Red Accents A75,,Z1XX.CRT - IND. INTERIOR,2012,WBSPK91050E810859,,,2MK,,,,,#63-LHD,"33379 Fett & Wirtz Automobile GmbH & Co. KG , Geldern",,,,,,,
W73 - Polar Silver Metallic w. Red Accents A75,,Z1XX.CRT - IND. INTERIOR,2012,WBSPK91010E810860,,,2MK,,,,,#64-LHD,"29307 Spaett GmbH & Co. KG , Ismaning",,,,,,,
W73 - Polar Silver Metallic w. Red Accents A75,,Z1XX.CRT - IND. INTERIOR,2012,WBSPK91030E810861,,,2MK,,,,,#65-LHD,"08649 Vines of Guildford, Guildford",,,,,,,
W73 - Polar Silver Metallic w. Red Accents A75,,Z1XX.CRT - IND. INTERIOR,2012,WBSPK91050E810862,,,2MK,,,,,#66-LHD,"05549 FOCH AUTOMOBILES AVIGNON , AVIGNON",,,,,,,
W73 - Polar Silver Metallic w. Red Accents A75,,Z1XX.CRT - IND. INTERIOR,2012,WBSPK92050E855900,,,2MK,,,,,#08-RHD,"51570 Eurokars Auto Pte Ltd, Singapore",,,,,,,
W73 - Polar Silver Metallic w. Red Accents A75,,Z1XX.CRT - IND. INTERIOR,2012,WBSPK92070E855901,,,2MK,,,,,#28-RHD,"08657 Dick Lovett Swindon, Swindon",,,,,,,
W73 - Polar Silver Metallic w. Red Accents A75,,Z1XX.CRT - IND. INTERIOR,2012,WBSPK92090E855902,,,2MK,,,,,#30-RHD,"18913 Col Crawford Motors , Brookvale",,,,,,,
W73 - Polar Silver Metallic w. Red Accents A75,,Z1XX.CRT - IND. INTERIOR,2012,WBSPK92000E855903,,,2MK,,,,,#58-RHD,"22144 BMW Concessionaires (HK) Ltd. ST BMW Shatin Service Centre , New Territories",,,,,,,
W73 - Polar Silver Metallic w. Red Accents A75,,Z1XX.CRT - IND. INTERIOR,2012,WBSPK92020E855904,,,2MK,,,,,#67-RHD,"51570 Eurokars Auto Pte Ltd , Singapore",,,,,,,